[{"model": "admin.logentry", "pk": 1, "fields": {"action_time": "2023-08-22T04:12:05.082Z", "user": 1, "content_type": 6, "object_id": "2", "object_repr": "test", "action_flag": 1, "change_message": "[{\"added\": {}}]"}}, {"model": "admin.logentry", "pk": 2, "fields": {"action_time": "2023-08-22T04:15:55.244Z", "user": 1, "content_type": 6, "object_id": "2", "object_repr": "test", "action_flag": 2, "change_message": "[{\"changed\": {\"fields\": [\"First name\", \"Last name\", \"Email address\"]}}]"}}, {"model": "admin.logentry", "pk": 3, "fields": {"action_time": "2023-08-22T04:16:14.631Z", "user": 1, "content_type": 6, "object_id": "1", "object_repr": "admin", "action_flag": 2, "change_message": "[{\"changed\": {\"fields\": [\"First name\", \"Last name\"]}}]"}}, {"model": "admin.logentry", "pk": 4, "fields": {"action_time": "2023-08-22T06:04:50.282Z", "user": 1, "content_type": 10, "object_id": "1", "object_repr": "Product object (1)", "action_flag": 1, "change_message": "[{\"added\": {}}]"}}, {"model": "admin.logentry", "pk": 5, "fields": {"action_time": "2023-08-22T06:14:10.376Z", "user": 1, "content_type": 10, "object_id": "1", "object_repr": "Product object (1)", "action_flag": 3, "change_message": ""}}, {"model": "admin.logentry", "pk": 6, "fields": {"action_time": "2023-08-22T06:28:03.936Z", "user": 1, "content_type": 10, "object_id": "1", "object_repr": "Product object (1)", "action_flag": 1, "change_message": "[{\"added\": {}}]"}}, {"model": "admin.logentry", "pk": 7, "fields": {"action_time": "2023-08-22T06:28:51.314Z", "user": 1, "content_type": 10, "object_id": "1", "object_repr": "Product object (1)", "action_flag": 2, "change_message": "[]"}}, {"model": "admin.logentry", "pk": 8, "fields": {"action_time": "2023-08-22T06:41:42.962Z", "user": 1, "content_type": 10, "object_id": "2", "object_repr": "Product object (2)", "action_flag": 1, "change_message": "[{\"added\": {}}]"}}, {"model": "admin.logentry", "pk": 9, "fields": {"action_time": "2023-08-22T06:45:54.549Z", "user": 1, "content_type": 10, "object_id": "3", "object_repr": "Product object (3)", "action_flag": 1, "change_message": "[{\"added\": {}}]"}}, {"model": "admin.logentry", "pk": 10, "fields": {"action_time": "2023-08-22T06:46:05.175Z", "user": 1, "content_type": 10, "object_id": "3", "object_repr": "Product object (3)", "action_flag": 2, "change_message": "[{\"changed\": {\"fields\": [\"Bonus\"]}}]"}}, {"model": "admin.logentry", "pk": 11, "fields": {"action_time": "2023-08-22T06:56:57.052Z", "user": 1, "content_type": 10, "object_id": "4", "object_repr": "Product object (4)", "action_flag": 1, "change_message": "[{\"added\": {}}]"}}, {"model": "admin.logentry", "pk": 12, "fields": {"action_time": "2023-08-22T07:01:46.304Z", "user": 1, "content_type": 10, "object_id": "5", "object_repr": "Product object (5)", "action_flag": 1, "change_message": "[{\"added\": {}}]"}}, {"model": "admin.logentry", "pk": 13, "fields": {"action_time": "2023-08-22T07:03:06.631Z", "user": 1, "content_type": 10, "object_id": "3", "object_repr": "Product object (3)", "action_flag": 2, "change_message": "[{\"changed\": {\"fields\": [\"Price\"]}}]"}}, {"model": "admin.logentry", "pk": 14, "fields": {"action_time": "2023-08-22T07:09:56.101Z", "user": 1, "content_type": 10, "object_id": "6", "object_repr": "Product object (6)", "action_flag": 1, "change_message": "[{\"added\": {}}]"}}, {"model": "admin.logentry", "pk": 15, "fields": {"action_time": "2023-08-22T07:14:20.478Z", "user": 1, "content_type": 10, "object_id": "7", "object_repr": "Product object (7)", "action_flag": 1, "change_message": "[{\"added\": {}}]"}}, {"model": "admin.logentry", "pk": 16, "fields": {"action_time": "2023-08-22T07:15:09.239Z", "user": 1, "content_type": 10, "object_id": "2", "object_repr": "Product object (2)", "action_flag": 2, "change_message": "[{\"changed\": {\"fields\": [\"Price\"]}}]"}}, {"model": "admin.logentry", "pk": 17, "fields": {"action_time": "2023-08-22T07:24:13.663Z", "user": 1, "content_type": 10, "object_id": "8", "object_repr": "Product object (8)", "action_flag": 1, "change_message": "[{\"added\": {}}]"}}, {"model": "admin.logentry", "pk": 18, "fields": {"action_time": "2023-08-22T07:32:21.293Z", "user": 1, "content_type": 10, "object_id": "9", "object_repr": "Product object (9)", "action_flag": 1, "change_message": "[{\"added\": {}}]"}}, {"model": "admin.logentry", "pk": 19, "fields": {"action_time": "2023-08-22T07:42:25.536Z", "user": 1, "content_type": 10, "object_id": "10", "object_repr": "Product object (10)", "action_flag": 1, "change_message": "[{\"added\": {}}]"}}, {"model": "admin.logentry", "pk": 20, "fields": {"action_time": "2023-08-22T12:55:51.275Z", "user": 1, "content_type": 10, "object_id": "3", "object_repr": "Product object (3)", "action_flag": 2, "change_message": "[{\"changed\": {\"fields\": [\"Name\"]}}]"}}, {"model": "admin.logentry", "pk": 21, "fields": {"action_time": "2023-08-22T12:58:22.169Z", "user": 1, "content_type": 10, "object_id": "3", "object_repr": "Product object (3)", "action_flag": 2, "change_message": "[{\"changed\": {\"fields\": [\"Images\"]}}]"}}, {"model": "admin.logentry", "pk": 22, "fields": {"action_time": "2023-08-22T13:01:55.400Z", "user": 1, "content_type": 10, "object_id": "8", "object_repr": "Product object (8)", "action_flag": 2, "change_message": "[{\"changed\": {\"fields\": [\"Colors\"]}}]"}}, {"model": "admin.logentry", "pk": 23, "fields": {"action_time": "2023-08-22T13:02:39.880Z", "user": 1, "content_type": 10, "object_id": "9", "object_repr": "Product object (9)", "action_flag": 2, "change_message": "[{\"changed\": {\"fields\": [\"Colors\"]}}]"}}, {"model": "admin.logentry", "pk": 24, "fields": {"action_time": "2023-08-22T17:44:59.373Z", "user": 1, "content_type": 10, "object_id": "3", "object_repr": "Product object (3)", "action_flag": 2, "change_message": "[{\"changed\": {\"fields\": [\"Best seller\"]}}]"}}, {"model": "admin.logentry", "pk": 25, "fields": {"action_time": "2023-08-22T17:45:26.799Z", "user": 1, "content_type": 10, "object_id": "7", "object_repr": "Product object (7)", "action_flag": 2, "change_message": "[{\"changed\": {\"fields\": [\"Best seller\"]}}]"}}, {"model": "auth.permission", "pk": 1, "fields": {"name": "Can add log entry", "content_type": 1, "codename": "add_logentry"}}, {"model": "auth.permission", "pk": 2, "fields": {"name": "Can change log entry", "content_type": 1, "codename": "change_logentry"}}, {"model": "auth.permission", "pk": 3, "fields": {"name": "Can delete log entry", "content_type": 1, "codename": "delete_logentry"}}, {"model": "auth.permission", "pk": 4, "fields": {"name": "Can view log entry", "content_type": 1, "codename": "view_logentry"}}, {"model": "auth.permission", "pk": 5, "fields": {"name": "Can add permission", "content_type": 2, "codename": "add_permission"}}, {"model": "auth.permission", "pk": 6, "fields": {"name": "Can change permission", "content_type": 2, "codename": "change_permission"}}, {"model": "auth.permission", "pk": 7, "fields": {"name": "Can delete permission", "content_type": 2, "codename": "delete_permission"}}, {"model": "auth.permission", "pk": 8, "fields": {"name": "Can view permission", "content_type": 2, "codename": "view_permission"}}, {"model": "auth.permission", "pk": 9, "fields": {"name": "Can add group", "content_type": 3, "codename": "add_group"}}, {"model": "auth.permission", "pk": 10, "fields": {"name": "Can change group", "content_type": 3, "codename": "change_group"}}, {"model": "auth.permission", "pk": 11, "fields": {"name": "Can delete group", "content_type": 3, "codename": "delete_group"}}, {"model": "auth.permission", "pk": 12, "fields": {"name": "Can view group", "content_type": 3, "codename": "view_group"}}, {"model": "auth.permission", "pk": 13, "fields": {"name": "Can add content type", "content_type": 4, "codename": "add_contenttype"}}, {"model": "auth.permission", "pk": 14, "fields": {"name": "Can change content type", "content_type": 4, "codename": "change_contenttype"}}, {"model": "auth.permission", "pk": 15, "fields": {"name": "Can delete content type", "content_type": 4, "codename": "delete_contenttype"}}, {"model": "auth.permission", "pk": 16, "fields": {"name": "Can view content type", "content_type": 4, "codename": "view_contenttype"}}, {"model": "auth.permission", "pk": 17, "fields": {"name": "Can add session", "content_type": 5, "codename": "add_session"}}, {"model": "auth.permission", "pk": 18, "fields": {"name": "Can change session", "content_type": 5, "codename": "change_session"}}, {"model": "auth.permission", "pk": 19, "fields": {"name": "Can delete session", "content_type": 5, "codename": "delete_session"}}, {"model": "auth.permission", "pk": 20, "fields": {"name": "Can view session", "content_type": 5, "codename": "view_session"}}, {"model": "auth.permission", "pk": 21, "fields": {"name": "Can add user", "content_type": 6, "codename": "add_user"}}, {"model": "auth.permission", "pk": 22, "fields": {"name": "Can change user", "content_type": 6, "codename": "change_user"}}, {"model": "auth.permission", "pk": 23, "fields": {"name": "Can delete user", "content_type": 6, "codename": "delete_user"}}, {"model": "auth.permission", "pk": 24, "fields": {"name": "Can view user", "content_type": 6, "codename": "view_user"}}, {"model": "auth.permission", "pk": 25, "fields": {"name": "Can add cart", "content_type": 7, "codename": "add_cart"}}, {"model": "auth.permission", "pk": 26, "fields": {"name": "Can change cart", "content_type": 7, "codename": "change_cart"}}, {"model": "auth.permission", "pk": 27, "fields": {"name": "Can delete cart", "content_type": 7, "codename": "delete_cart"}}, {"model": "auth.permission", "pk": 28, "fields": {"name": "Can view cart", "content_type": 7, "codename": "view_cart"}}, {"model": "auth.permission", "pk": 29, "fields": {"name": "Can add blacklisted token", "content_type": 8, "codename": "add_blacklistedtoken"}}, {"model": "auth.permission", "pk": 30, "fields": {"name": "Can change blacklisted token", "content_type": 8, "codename": "change_blacklistedtoken"}}, {"model": "auth.permission", "pk": 31, "fields": {"name": "Can delete blacklisted token", "content_type": 8, "codename": "delete_blacklistedtoken"}}, {"model": "auth.permission", "pk": 32, "fields": {"name": "Can view blacklisted token", "content_type": 8, "codename": "view_blacklistedtoken"}}, {"model": "auth.permission", "pk": 33, "fields": {"name": "Can add outstanding token", "content_type": 9, "codename": "add_outstandingtoken"}}, {"model": "auth.permission", "pk": 34, "fields": {"name": "Can change outstanding token", "content_type": 9, "codename": "change_outstandingtoken"}}, {"model": "auth.permission", "pk": 35, "fields": {"name": "Can delete outstanding token", "content_type": 9, "codename": "delete_outstandingtoken"}}, {"model": "auth.permission", "pk": 36, "fields": {"name": "Can view outstanding token", "content_type": 9, "codename": "view_outstandingtoken"}}, {"model": "auth.permission", "pk": 37, "fields": {"name": "Can add product", "content_type": 10, "codename": "add_product"}}, {"model": "auth.permission", "pk": 38, "fields": {"name": "Can change product", "content_type": 10, "codename": "change_product"}}, {"model": "auth.permission", "pk": 39, "fields": {"name": "Can delete product", "content_type": 10, "codename": "delete_product"}}, {"model": "auth.permission", "pk": 40, "fields": {"name": "Can view product", "content_type": 10, "codename": "view_product"}}, {"model": "auth.permission", "pk": 41, "fields": {"name": "Can add news letter", "content_type": 11, "codename": "add_newsletter"}}, {"model": "auth.permission", "pk": 42, "fields": {"name": "Can change news letter", "content_type": 11, "codename": "change_newsletter"}}, {"model": "auth.permission", "pk": 43, "fields": {"name": "Can delete news letter", "content_type": 11, "codename": "delete_newsletter"}}, {"model": "auth.permission", "pk": 44, "fields": {"name": "Can view news letter", "content_type": 11, "codename": "view_newsletter"}}, {"model": "contenttypes.contenttype", "pk": 1, "fields": {"app_label": "admin", "model": "logentry"}}, {"model": "contenttypes.contenttype", "pk": 2, "fields": {"app_label": "auth", "model": "permission"}}, {"model": "contenttypes.contenttype", "pk": 3, "fields": {"app_label": "auth", "model": "group"}}, {"model": "contenttypes.contenttype", "pk": 4, "fields": {"app_label": "contenttypes", "model": "contenttype"}}, {"model": "contenttypes.contenttype", "pk": 5, "fields": {"app_label": "sessions", "model": "session"}}, {"model": "contenttypes.contenttype", "pk": 6, "fields": {"app_label": "userauth", "model": "user"}}, {"model": "contenttypes.contenttype", "pk": 7, "fields": {"app_label": "cart", "model": "cart"}}, {"model": "contenttypes.contenttype", "pk": 8, "fields": {"app_label": "token_blacklist", "model": "blacklistedtoken"}}, {"model": "contenttypes.contenttype", "pk": 9, "fields": {"app_label": "token_blacklist", "model": "outstandingtoken"}}, {"model": "contenttypes.contenttype", "pk": 10, "fields": {"app_label": "product", "model": "product"}}, {"model": "contenttypes.contenttype", "pk": 11, "fields": {"app_label": "newsletter", "model": "newsletter"}}, {"model": "sessions.session", "pk": "hvn10wxhnpzjc7qcwgitx0mrucarcps5", "fields": {"session_data": ".eJxVjDsOwjAQBe_iGll2TPyhpM8ZorfeNQ6gRMqnQtwdIqWA9s3Me6ke21r7bZG5H1hdlFWn342QHzLugO8Yb5PO07jOA-ld0QdddDexPK-H-3dQsdRvbRw3hmJG42E5xZDFJCtBQKVpPTwjkDuTa6MplCxSJC-FDRw8ilHvD_SiOK4:1qYIiA:h5HmHcCyQK6VMIR_t6KHwIipRD2LmEyr-6K_bOr8fw8", "expire_date": "2023-09-05T04:09:46.445Z"}}, {"model": "userauth.user", "pk": 1, "fields": {"password": "pbkdf2_sha256$600000$m916XFZWs16o7UG8FbW7nj$GL0Jr6e0ywj9sIaocJfH/lOnUnc5EVVC+WXn+ldEwPc=", "last_login": "2023-08-22T04:09:46Z", "is_superuser": true, "username": "admin", "first_name": "Janet", "last_name": "Doe", "is_staff": true, "is_active": true, "date_joined": "2023-08-22T04:09:34Z", "is_verified": false, "email": "admin@test.com", "groups": [], "user_permissions": []}}, {"model": "userauth.user", "pk": 2, "fields": {"password": "pbkdf2_sha256$600000$rCrHegcyyPNRABEr5KFrMf$XETa4LYEM8ij8+RzjHixp/0qzRgCF3uncvG41gf78xE=", "last_login": null, "is_superuser": false, "username": "test", "first_name": "John", "last_name": "Doe", "is_staff": false, "is_active": true, "date_joined": "2023-08-22T04:12:04Z", "is_verified": false, "email": "testing@gmail.com", "groups": [], "user_permissions": []}}, {"model": "cart.cart", "pk": 13, "fields": {"user": 1, "name": "DNK Blue Shoes", "quantity": 2, "subtotal": 211.2, "product_id": 2, "color": "green", "image": "https://i.ibb.co/q71M7y8/sports-shoe1-green-big.jpg", "price": 105.6, "category": "men", "size": ""}}, {"model": "product.product", "pk": 1, "fields": {"name": "Dark Brown Jeans", "category": "men", "price": 150.0, "stars": 4.0, "bonus": 10.0, "featured": true, "best_seller": false, "desc": "Appropriately pontificate scalable value vis-a-vis stand-alone bandwidth. Dynamically restore mission-critical value via integrated data. Authoritatively brand ubiquitous scenarios without resource sucking supply chains. Credibly recaptiualize vertical strategic theme areas rather than goal-oriented experiences. Distinctively develop interactive niche markets through efficient mindshare.", "colors": [], "images": {"main": "https://i.ibb.co/xgvLdBV/product-m-jeans1-big.jpg"}, "sizes": ["Small", "Medium", "Large", "Extra-Large"]}}, {"model": "product.product", "pk": 2, "fields": {"name": "DNK Blue Shoes", "category": "men", "price": 120.0, "stars": 5.0, "bonus": 12.0, "featured": true, "best_seller": false, "desc": "Enthusiastically restore optimal leadership for long-term high-impact e-markets. Compellingly procrastinate superior content vis-a-vis collaborative strategic theme areas. Dynamically morph low-risk high-yield e-services and plug-and-play infrastructures. Synergistically expedite B2C manufactured products via client-based information. Phosfluorescently productivate B2C niches after stand-alone deliverables.", "colors": [{"code": "#1E73BE", "name": "Blue"}, {"code": "#ce592f", "name": "Red"}, {"code": "#81D742", "name": "Green"}], "images": {"main": "https://i.ibb.co/q0fX9GL/sports-shoe1-big.jpg", "blue": "https://i.ibb.co/q0fX9GL/sports-shoe1-big.jpg", "green": "https://i.ibb.co/q71M7y8/sports-shoe1-green-big.jpg", "red": "https://i.ibb.co/TBShfWj/sports-shoe1-red-big.jpg"}, "sizes": ["Small", "Medium", "Large", "Extra-Large"]}}, {"model": "product.product", "pk": 3, "fields": {"name": "DNK Yellow Shoe", "category": "men", "price": 150.0, "stars": 4.0, "bonus": 0.0, "featured": true, "best_seller": true, "desc": "Appropriately formulate client-centered partnerships vis-a-vis client-centered results. Rapidiously productivate customized materials before front-end paradigms. Globally drive multidisciplinary markets and extensive vortals. Credibly envisioneer extensible content rather than premium systems. Holisticly synergize enterprise-wide e-commerce after high-payoff opportunities.", "colors": [], "images": {"main": "https://i.ibb.co/C6xLBTz/sports-shoe3-big.jpg"}, "sizes": ["Small", "Medium", "Large", "Extra-Large"]}}, {"model": "product.product", "pk": 4, "fields": {"name": "Faint Washed Denim Blue Jeans", "category": "men", "price": 150.0, "stars": 4.0, "bonus": 0.0, "featured": true, "best_seller": false, "desc": "Authoritatively target efficient convergence with functionalized services. Compellingly e-enable premium initiatives rather than cross-media products. Monotonectally transition alternative results via granular customer service. Continually redefine enterprise niche markets whereas cutting-edge markets. Globally monetize enterprise architectures vis-a-vis ethical deliverables.", "colors": [], "images": {"main": "https://i.ibb.co/gR05KMJ/product-m-jeans3-big.jpg"}, "sizes": ["Small", "Medium", "Large", "Extra-Large"]}}, {"model": "product.product", "pk": 5, "fields": {"name": "Blue Denim Jeans", "category": "women", "price": 150.0, "stars": 4.5, "bonus": 0.0, "featured": true, "best_seller": false, "desc": "Conveniently drive frictionless e-markets with premier imperatives. Professionally benchmark cooperative convergence whereas effective results. Distinctively grow fully researched experiences whereas sustainable initiatives. Objectively e-enable collaborative initiatives before high-quality models. Progressively deploy resource maximizing value before principle-centered e-services.", "colors": [], "images": {"main": "https://i.ibb.co/gvD4xBZ/product-w-jeans2-big.jpg"}, "sizes": ["Small", "Medium", "Large", "Extra-Large"]}}, {"model": "product.product", "pk": 6, "fields": {"name": "Basic Gray Jeans", "category": "women", "price": 150.0, "stars": 4.5, "bonus": 0.0, "featured": true, "best_seller": false, "desc": "Compellingly cultivate technically sound innovation before leading-edge collaboration and idea-sharing. Objectively drive effective bandwidth rather than go forward web services. Continually optimize high-quality e-markets rather than enabled e-services. Dramatically utilize client-centered web-readiness for efficient human capital. Assertively optimize value-added outsourcing with pandemic opportunities.", "colors": [], "images": {"main": "https://i.ibb.co/F7D49SG/product-w-jeans4-big.jpg"}, "sizes": ["Small", "Medium", "Large", "Extra-Large"]}}, {"model": "product.product", "pk": 7, "fields": {"name": "Blue Denim Shorts", "category": "women", "price": 120.0, "stars": 4.5, "bonus": 0.0, "featured": true, "best_seller": true, "desc": "Quickly actualize collaborative quality vectors through value-added testing procedures. Enthusiastically negotiate cross-media services through innovative web services. Assertively transform customized quality vectors without client-based total linkage. Synergistically incubate superior methods of empowerment before progressive niche markets. Seamlessly extend an expanded array of platforms and an expanded array of results.", "colors": [], "images": {"main": "https://i.ibb.co/grFQR2Y/product-w-jeans1-big.jpg"}, "sizes": ["Small", "Medium", "Large", "Extra-Large"]}}, {"model": "product.product", "pk": 8, "fields": {"name": "Boho Bangle Bracelet", "category": "accessory", "price": 180.0, "stars": 4.5, "bonus": 0.0, "featured": true, "best_seller": false, "desc": "Uniquely grow state of the art convergence via enterprise-wide technologies. Rapidiously customize backend e-services and future-proof \"outside the box\" thinking. Progressively facilitate integrated systems rather than e-business initiatives. Quickly revolutionize interactive \"outside the box\" thinking rather than web-enabled strategic theme areas. Efficiently transition resource-leveling collaboration and idea-sharing without web-enabled meta-services.", "colors": [{"code": "#1FB1C1", "name": "Aqua"}, {"code": "#81D742", "name": "Green"}, {"code": "#ce592f", "name": "Red"}], "images": {"main": "https://i.ibb.co/t2DCZs4/product-accessory1-big.jpg", "aqua": "https://i.ibb.co/t2DCZs4/product-accessory1-big.jpg", "red": "https://i.ibb.co/FhRxBkV/product-accessory1-red-big.jpg", "green": "https://i.ibb.co/Yt8Fc38/product-accessory1-green-big.jpg"}, "sizes": []}}, {"model": "product.product", "pk": 9, "fields": {"name": "Anchor Bracelet", "category": "accessory", "price": 170.0, "stars": 4.5, "bonus": 10.0, "featured": true, "best_seller": true, "desc": "Collaboratively transform cross-platform mindshare rather than cross-media alignments. Phosfluorescently enhance alternative technology whereas world-class technologies. Phosfluorescently generate dynamic benefits via real-time synergy. Seamlessly syndicate value-added intellectual capital and pandemic catalysts for change. Completely whiteboard next-generation testing procedures without state of the art web-readiness.", "colors": [{"code": "#000000", "name": "Black"}, {"code": "#ce592f", "name": "Red"}, {"code": "#aa7627", "name": "Brown"}], "images": {"main": "https://i.ibb.co/fDhnw2t/product-accessory2-big.jpg", "black": "https://i.ibb.co/fDhnw2t/product-accessory2-big.jpg", "red": "https://i.ibb.co/10QppFd/product-accessory2-red-big.jpg", "brown": "https://i.ibb.co/Sv8pGFb/product-accessory2-brown-big.jpg"}, "sizes": []}}, {"model": "product.product", "pk": 10, "fields": {"name": "Dark Blue Denim Jeans", "category": "men", "price": 80.0, "stars": 4.0, "bonus": 0.0, "featured": true, "best_seller": false, "desc": "Rapidiously generate compelling e-services without premium processes. Conveniently engage tactical infomediaries with proactive partnerships. Intrinsicly fashion standards compliant mindshare whereas world-class convergence. Dramatically disseminate fully researched strategic theme areas whereas cross-unit e-commerce. Seamlessly engage robust expertise with alternative catalysts for change.", "colors": [], "images": {"main": "https://i.ibb.co/DQxvBJQ/product-m-jeans2-big.jpg"}, "sizes": ["Small", "Medium", "Large", "Extra-Large"]}}, {"model": "newsletter.newsletter", "pk": 1, "fields": {"email": "testing@gmail.com"}}, {"model": "token_blacklist.outstandingtoken", "pk": 1, "fields": {"user": 1, "jti": "25e90ec87c5c4a558046530dcf9f0ccb", "token": "eyJhbGciOiJIUzI1NiIsInR5cCI6IkpXVCJ9.eyJ0b2tlbl90eXBlIjoicmVmcmVzaCIsImV4cCI6MTcwMDQ1MzgyNiwiaWF0IjoxNjkyNjc3ODI2LCJqdGkiOiIyNWU5MGVjODdjNWM0YTU1ODA0NjUzMGRjZjlmMGNjYiIsInVzZXJfaWQiOjF9.ACIjkrnUsRwROWiBHAqkQMk1_XD-j0iQdfr8_7NqMYE", "created_at": "2023-08-22T04:17:06.840Z", "expires_at": "2023-11-20T04:17:06Z"}}, {"model": "token_blacklist.outstandingtoken", "pk": 2, "fields": {"user": 1, "jti": "287bc545dc7847aaa52941fa6eda9694", "token": "eyJhbGciOiJIUzI1NiIsInR5cCI6IkpXVCJ9.eyJ0b2tlbl90eXBlIjoicmVmcmVzaCIsImV4cCI6MTcwMDQ1NDM2OCwiaWF0IjoxNjkyNjc4MzY4LCJqdGkiOiIyODdiYzU0NWRjNzg0N2FhYTUyOTQxZmE2ZWRhOTY5NCIsInVzZXJfaWQiOjF9.lYzd-0Z_Tguqtfg9ji1rPKtXfCFvL7SAi2iei6kZNqY", "created_at": "2023-08-22T04:26:08.539Z", "expires_at": "2023-11-20T04:26:08Z"}}, {"model": "token_blacklist.outstandingtoken", "pk": 3, "fields": {"user": 1, "jti": "800da6373adc444698f50c50dc94384f", "token": "eyJhbGciOiJIUzI1NiIsInR5cCI6IkpXVCJ9.eyJ0b2tlbl90eXBlIjoicmVmcmVzaCIsImV4cCI6MTcwMDQ1NDUzMywiaWF0IjoxNjkyNjc4NTMzLCJqdGkiOiI4MDBkYTYzNzNhZGM0NDQ2OThmNTBjNTBkYzk0Mzg0ZiIsInVzZXJfaWQiOjF9.nlMeQmaV87AojJE4D25-Z1tREN_4ys9Z8i3jOufmYX0", "created_at": "2023-08-22T04:28:53.577Z", "expires_at": "2023-11-20T04:28:53Z"}}, {"model": "token_blacklist.outstandingtoken", "pk": 4, "fields": {"user": 1, "jti": "fb71c67a21204b78b12f8848d63ace31", "token": "eyJhbGciOiJIUzI1NiIsInR5cCI6IkpXVCJ9.eyJ0b2tlbl90eXBlIjoicmVmcmVzaCIsImV4cCI6MTcwMDQ1NDcyMSwiaWF0IjoxNjkyNjc4NzIxLCJqdGkiOiJmYjcxYzY3YTIxMjA0Yjc4YjEyZjg4NDhkNjNhY2UzMSIsInVzZXJfaWQiOjF9.R7wtkAgq-jYc77cy8yOVrREW1r4-nT6zp4pBHVlp8s8", "created_at": "2023-08-22T04:32:01.136Z", "expires_at": "2023-11-20T04:32:01Z"}}, {"model": "token_blacklist.outstandingtoken", "pk": 5, "fields": {"user": null, "jti": "e1d3d84984b5424a93641a6ba38f810d", "token": "eyJhbGciOiJIUzI1NiIsInR5cCI6IkpXVCJ9.eyJ0b2tlbl90eXBlIjoicmVmcmVzaCIsImV4cCI6MTcwMDQ1NDcyMSwiaWF0IjoxNjkyNjc4NzIxLCJqdGkiOiJlMWQzZDg0OTg0YjU0MjRhOTM2NDFhNmJhMzhmODEwZCIsInVzZXJfaWQiOjEsInVzZXIiOnsiZW1haWwiOiJhZG1pbkB0ZXN0LmNvbSIsInVzZXJuYW1lIjoiYWRtaW4iLCJmaXJzdF9uYW1lIjoiSmFuZXQiLCJsYXN0X25hbWUiOiJEb2UiLCJpc192ZXJpZmllZCI6ZmFsc2V9fQ.cGDLkeFGXBPo7RCp9eW3Z7bEZ-ihP_94DtF9st6O0xo", "created_at": null, "expires_at": "2023-11-20T04:32:01Z"}}, {"model": "token_blacklist.outstandingtoken", "pk": 6, "fields": {"user": null, "jti": "231bac0be02e4483aa87dc4398a59af7", "token": "eyJhbGciOiJIUzI1NiIsInR5cCI6IkpXVCJ9.eyJ0b2tlbl90eXBlIjoicmVmcmVzaCIsImV4cCI6MTcwMDQ1NDk2MSwiaWF0IjoxNjkyNjc4OTYxLCJqdGkiOiIyMzFiYWMwYmUwMmU0NDgzYWE4N2RjNDM5OGE1OWFmNyIsInVzZXJfaWQiOjEsInVzZXIiOnsiZW1haWwiOiJhZG1pbkB0ZXN0LmNvbSIsInVzZXJuYW1lIjoiYWRtaW4iLCJmaXJzdF9uYW1lIjoiSmFuZXQiLCJsYXN0X25hbWUiOiJEb2UiLCJpc192ZXJpZmllZCI6ZmFsc2V9fQ.cGFNWF7_GzoIXqV6sgDBQP8dvPxASim6LB3UAGYFwUc", "created_at": null, "expires_at": "2023-11-20T04:36:01Z"}}, {"model": "token_blacklist.outstandingtoken", "pk": 7, "fields": {"user": null, "jti": "54243d41325e4f8585d6f75d6da5f6c2", "token": "eyJhbGciOiJIUzI1NiIsInR5cCI6IkpXVCJ9.eyJ0b2tlbl90eXBlIjoicmVmcmVzaCIsImV4cCI6MTcwMDQ1NTIwMiwiaWF0IjoxNjkyNjc5MjAyLCJqdGkiOiI1NDI0M2Q0MTMyNWU0Zjg1ODVkNmY3NWQ2ZGE1ZjZjMiIsInVzZXJfaWQiOjEsInVzZXIiOnsiZW1haWwiOiJhZG1pbkB0ZXN0LmNvbSIsInVzZXJuYW1lIjoiYWRtaW4iLCJmaXJzdF9uYW1lIjoiSmFuZXQiLCJsYXN0X25hbWUiOiJEb2UiLCJpc192ZXJpZmllZCI6ZmFsc2V9fQ.S6R37F4CasCn_9dxsH31wakQ1vKsfZkMseQpCo5d04A", "created_at": null, "expires_at": "2023-11-20T04:40:02Z"}}, {"model": "token_blacklist.outstandingtoken", "pk": 8, "fields": {"user": null, "jti": "f2b3b45edb9948418609022fe166d5d4", "token": "eyJhbGciOiJIUzI1NiIsInR5cCI6IkpXVCJ9.eyJ0b2tlbl90eXBlIjoicmVmcmVzaCIsImV4cCI6MTcwMDQ1NTQ0MywiaWF0IjoxNjkyNjc5NDQzLCJqdGkiOiJmMmIzYjQ1ZWRiOTk0ODQxODYwOTAyMmZlMTY2ZDVkNCIsInVzZXJfaWQiOjEsInVzZXIiOnsiZW1haWwiOiJhZG1pbkB0ZXN0LmNvbSIsInVzZXJuYW1lIjoiYWRtaW4iLCJmaXJzdF9uYW1lIjoiSmFuZXQiLCJsYXN0X25hbWUiOiJEb2UiLCJpc192ZXJpZmllZCI6ZmFsc2V9fQ.nHqTu9W14ExBPNMVS1iU7Jcexz9E99hzrhEj2xedSUI", "created_at": null, "expires_at": "2023-11-20T04:44:03Z"}}, {"model": "token_blacklist.outstandingtoken", "pk": 9, "fields": {"user": null, "jti": "e118f7626e4f4f7783e8a17b2c1f79f6", "token": "eyJhbGciOiJIUzI1NiIsInR5cCI6IkpXVCJ9.eyJ0b2tlbl90eXBlIjoicmVmcmVzaCIsImV4cCI6MTcwMDQ1NTY4MywiaWF0IjoxNjkyNjc5NjgzLCJqdGkiOiJlMTE4Zjc2MjZlNGY0Zjc3ODNlOGExN2IyYzFmNzlmNiIsInVzZXJfaWQiOjEsInVzZXIiOnsiZW1haWwiOiJhZG1pbkB0ZXN0LmNvbSIsInVzZXJuYW1lIjoiYWRtaW4iLCJmaXJzdF9uYW1lIjoiSmFuZXQiLCJsYXN0X25hbWUiOiJEb2UiLCJpc192ZXJpZmllZCI6ZmFsc2V9fQ.u1glejGv2tJWvkBpUDpbgBLs50wJedNREauJaqQunkM", "created_at": null, "expires_at": "2023-11-20T04:48:03Z"}}, {"model": "token_blacklist.outstandingtoken", "pk": 10, "fields": {"user": 1, "jti": "03d80d8445f546c6a44664b7c8c1aa7c", "token": "eyJhbGciOiJIUzI1NiIsInR5cCI6IkpXVCJ9.eyJ0b2tlbl90eXBlIjoicmVmcmVzaCIsImV4cCI6MTcwMDQ1OTgwNiwiaWF0IjoxNjkyNjgzODA2LCJqdGkiOiIwM2Q4MGQ4NDQ1ZjU0NmM2YTQ0NjY0YjdjOGMxYWE3YyIsInVzZXJfaWQiOjF9.JDfu32nv5XErTl9LCCIGTbAJGuL63_lgM1dwcdsxF6c", "created_at": "2023-08-22T05:56:46.215Z", "expires_at": "2023-11-20T05:56:46Z"}}, {"model": "token_blacklist.outstandingtoken", "pk": 11, "fields": {"user": null, "jti": "7ae0b14b12cd494ab42cc1bf3e6a9f1d", "token": "eyJhbGciOiJIUzI1NiIsInR5cCI6IkpXVCJ9.eyJ0b2tlbl90eXBlIjoicmVmcmVzaCIsImV4cCI6MTcwMDQ2MDA0NywiaWF0IjoxNjkyNjg0MDQ3LCJqdGkiOiI3YWUwYjE0YjEyY2Q0OTRhYjQyY2MxYmYzZTZhOWYxZCIsInVzZXJfaWQiOjEsInVzZXIiOnsiZW1haWwiOiJhZG1pbkB0ZXN0LmNvbSIsInVzZXJuYW1lIjoiYWRtaW4iLCJmaXJzdF9uYW1lIjoiSmFuZXQiLCJsYXN0X25hbWUiOiJEb2UiLCJpc192ZXJpZmllZCI6ZmFsc2V9fQ.MgGN4cQh9At3ZNN25TDETkpwBBgZcHqxHQC4FOJBnek", "created_at": null, "expires_at": "2023-11-20T06:00:47Z"}}, {"model": "token_blacklist.outstandingtoken", "pk": 12, "fields": {"user": 1, "jti": "1642f77a0e6244388f69d8250385c90f", "token": "eyJhbGciOiJIUzI1NiIsInR5cCI6IkpXVCJ9.eyJ0b2tlbl90eXBlIjoicmVmcmVzaCIsImV4cCI6MTcwMDQ5NzA4NiwiaWF0IjoxNjkyNzIxMDg2LCJqdGkiOiIxNjQyZjc3YTBlNjI0NDM4OGY2OWQ4MjUwMzg1YzkwZiIsInVzZXJfaWQiOjF9.5tX8FyyEHiaIEIMO17r1yW2iXFL4mLuqFirMyPJdrJ8", "created_at": "2023-08-22T16:18:06.658Z", "expires_at": "2023-11-20T16:18:06Z"}}, {"model": "token_blacklist.outstandingtoken", "pk": 13, "fields": {"user": null, "jti": "649748ec595f4dcaba35a4161a049109", "token": "eyJhbGciOiJIUzI1NiIsInR5cCI6IkpXVCJ9.eyJ0b2tlbl90eXBlIjoicmVmcmVzaCIsImV4cCI6MTcwMDQ5NzA4NiwiaWF0IjoxNjkyNzIxMDg2LCJqdGkiOiI2NDk3NDhlYzU5NWY0ZGNhYmEzNWE0MTYxYTA0OTEwOSIsInVzZXJfaWQiOjEsInVzZXIiOnsiZW1haWwiOiJhZG1pbkB0ZXN0LmNvbSIsInVzZXJuYW1lIjoiYWRtaW4iLCJmaXJzdF9uYW1lIjoiSmFuZXQiLCJsYXN0X25hbWUiOiJEb2UiLCJpc192ZXJpZmllZCI6ZmFsc2V9fQ.1JqIdpSOpGfd2l7hqVlgYJEJ4CC4yT_djZBTLq4YARM", "created_at": null, "expires_at": "2023-11-20T16:18:06Z"}}, {"model": "token_blacklist.outstandingtoken", "pk": 14, "fields": {"user": null, "jti": "4ca4e4ba493449efb2cb751aafe1baab", "token": "eyJhbGciOiJIUzI1NiIsInR5cCI6IkpXVCJ9.eyJ0b2tlbl90eXBlIjoicmVmcmVzaCIsImV4cCI6MTcwMDQ5NzI0NywiaWF0IjoxNjkyNzIxMjQ3LCJqdGkiOiI0Y2E0ZTRiYTQ5MzQ0OWVmYjJjYjc1MWFhZmUxYmFhYiIsInVzZXJfaWQiOjEsInVzZXIiOnsiZW1haWwiOiJhZG1pbkB0ZXN0LmNvbSIsInVzZXJuYW1lIjoiYWRtaW4iLCJmaXJzdF9uYW1lIjoiSmFuZXQiLCJsYXN0X25hbWUiOiJEb2UiLCJpc192ZXJpZmllZCI6ZmFsc2V9fQ.h0zpHEPTxRTtzd5MmbLPz8_H1oa3vHDPjgOmvIyfO5M", "created_at": null, "expires_at": "2023-11-20T16:20:47Z"}}, {"model": "token_blacklist.outstandingtoken", "pk": 15, "fields": {"user": null, "jti": "a511f87d849347718673aa703ca29e57", "token": "eyJhbGciOiJIUzI1NiIsInR5cCI6IkpXVCJ9.eyJ0b2tlbl90eXBlIjoicmVmcmVzaCIsImV4cCI6MTcwMDQ5NzI1MiwiaWF0IjoxNjkyNzIxMjUyLCJqdGkiOiJhNTExZjg3ZDg0OTM0NzcxODY3M2FhNzAzY2EyOWU1NyIsInVzZXJfaWQiOjEsInVzZXIiOnsiZW1haWwiOiJhZG1pbkB0ZXN0LmNvbSIsInVzZXJuYW1lIjoiYWRtaW4iLCJmaXJzdF9uYW1lIjoiSmFuZXQiLCJsYXN0X25hbWUiOiJEb2UiLCJpc192ZXJpZmllZCI6ZmFsc2V9fQ.3zOrTLUl4Od2fCrhZWG6fGL-Kq2A-L_GttkcwdPkGLg", "created_at": null, "expires_at": "2023-11-20T16:20:52Z"}}, {"model": "token_blacklist.outstandingtoken", "pk": 16, "fields": {"user": null, "jti": "d632baf17e8047df85d4f391770a41ae", "token": "eyJhbGciOiJIUzI1NiIsInR5cCI6IkpXVCJ9.eyJ0b2tlbl90eXBlIjoicmVmcmVzaCIsImV4cCI6MTcwMDQ5NzI2MiwiaWF0IjoxNjkyNzIxMjYyLCJqdGkiOiJkNjMyYmFmMTdlODA0N2RmODVkNGYzOTE3NzBhNDFhZSIsInVzZXJfaWQiOjEsInVzZXIiOnsiZW1haWwiOiJhZG1pbkB0ZXN0LmNvbSIsInVzZXJuYW1lIjoiYWRtaW4iLCJmaXJzdF9uYW1lIjoiSmFuZXQiLCJsYXN0X25hbWUiOiJEb2UiLCJpc192ZXJpZmllZCI6ZmFsc2V9fQ.1doqu00VCa9-EC4BM8S2YF-fPl8B-O-ZuR3_P083PR0", "created_at": null, "expires_at": "2023-11-20T16:21:02Z"}}, {"model": "token_blacklist.outstandingtoken", "pk": 17, "fields": {"user": null, "jti": "edfafec8ac8244cc910bd25451098cd3", "token": "eyJhbGciOiJIUzI1NiIsInR5cCI6IkpXVCJ9.eyJ0b2tlbl90eXBlIjoicmVmcmVzaCIsImV4cCI6MTcwMDQ5NzI2OSwiaWF0IjoxNjkyNzIxMjY5LCJqdGkiOiJlZGZhZmVjOGFjODI0NGNjOTEwYmQyNTQ1MTA5OGNkMyIsInVzZXJfaWQiOjEsInVzZXIiOnsiZW1haWwiOiJhZG1pbkB0ZXN0LmNvbSIsInVzZXJuYW1lIjoiYWRtaW4iLCJmaXJzdF9uYW1lIjoiSmFuZXQiLCJsYXN0X25hbWUiOiJEb2UiLCJpc192ZXJpZmllZCI6ZmFsc2V9fQ.IuElIxS-s-d06R6bdViVsgrhMCEK42ii2CUzxqBe5ww", "created_at": null, "expires_at": "2023-11-20T16:21:09Z"}}, {"model": "token_blacklist.outstandingtoken", "pk": 18, "fields": {"user": 1, "jti": "1c8609afd400436cb40489b40491987b", "token": "eyJhbGciOiJIUzI1NiIsInR5cCI6IkpXVCJ9.eyJ0b2tlbl90eXBlIjoicmVmcmVzaCIsImV4cCI6MTcwMDQ5ODI1NCwiaWF0IjoxNjkyNzIyMjU0LCJqdGkiOiIxYzg2MDlhZmQ0MDA0MzZjYjQwNDg5YjQwNDkxOTg3YiIsInVzZXJfaWQiOjF9.pHoE4_STatKn1TLy0S0pagwdpNaPfFlQ-9knbIsz818", "created_at": "2023-08-22T16:37:34.172Z", "expires_at": "2023-11-20T16:37:34Z"}}, {"model": "token_blacklist.outstandingtoken", "pk": 19, "fields": {"user": null, "jti": "f1ec1356d0dd431b9dce111e317caff2", "token": "eyJhbGciOiJIUzI1NiIsInR5cCI6IkpXVCJ9.eyJ0b2tlbl90eXBlIjoicmVmcmVzaCIsImV4cCI6MTcwMDQ5ODI1NCwiaWF0IjoxNjkyNzIyMjU0LCJqdGkiOiJmMWVjMTM1NmQwZGQ0MzFiOWRjZTExMWUzMTdjYWZmMiIsInVzZXJfaWQiOjEsInVzZXIiOnsiZW1haWwiOiJhZG1pbkB0ZXN0LmNvbSIsInVzZXJuYW1lIjoiYWRtaW4iLCJmaXJzdF9uYW1lIjoiSmFuZXQiLCJsYXN0X25hbWUiOiJEb2UiLCJpc192ZXJpZmllZCI6ZmFsc2V9fQ.bCK2twlmUYt4A3fBAaOti5KxS7EqzLBm98izJeVYo9o", "created_at": null, "expires_at": "2023-11-20T16:37:34Z"}}, {"model": "token_blacklist.outstandingtoken", "pk": 20, "fields": {"user": null, "jti": "960a710e4c184c299cade2590baa8eb4", "token": "eyJhbGciOiJIUzI1NiIsInR5cCI6IkpXVCJ9.eyJ0b2tlbl90eXBlIjoicmVmcmVzaCIsImV4cCI6MTcwMDQ5ODQ5NCwiaWF0IjoxNjkyNzIyNDk0LCJqdGkiOiI5NjBhNzEwZTRjMTg0YzI5OWNhZGUyNTkwYmFhOGViNCIsInVzZXJfaWQiOjEsInVzZXIiOnsiZW1haWwiOiJhZG1pbkB0ZXN0LmNvbSIsInVzZXJuYW1lIjoiYWRtaW4iLCJmaXJzdF9uYW1lIjoiSmFuZXQiLCJsYXN0X25hbWUiOiJEb2UiLCJpc192ZXJpZmllZCI6ZmFsc2V9fQ.uGJoWz6RgysAHXVZZ5zpv79zZeunafXV9SpnVYZyJls", "created_at": null, "expires_at": "2023-11-20T16:41:34Z"}}, {"model": "token_blacklist.outstandingtoken", "pk": 21, "fields": {"user": null, "jti": "06dd3fb409374ae5b600f53ae169b8fd", "token": "eyJhbGciOiJIUzI1NiIsInR5cCI6IkpXVCJ9.eyJ0b2tlbl90eXBlIjoicmVmcmVzaCIsImV4cCI6MTcwMDQ5ODczNCwiaWF0IjoxNjkyNzIyNzM0LCJqdGkiOiIwNmRkM2ZiNDA5Mzc0YWU1YjYwMGY1M2FlMTY5YjhmZCIsInVzZXJfaWQiOjEsInVzZXIiOnsiZW1haWwiOiJhZG1pbkB0ZXN0LmNvbSIsInVzZXJuYW1lIjoiYWRtaW4iLCJmaXJzdF9uYW1lIjoiSmFuZXQiLCJsYXN0X25hbWUiOiJEb2UiLCJpc192ZXJpZmllZCI6ZmFsc2V9fQ.4tt5KH-uLFmIMtbOyDjyAh8254HFDfTFfCNtRX5yxSE", "created_at": null, "expires_at": "2023-11-20T16:45:34Z"}}, {"model": "token_blacklist.outstandingtoken", "pk": 22, "fields": {"user": null, "jti": "3c697fdd4a574c5f9063b069c5a27b1e", "token": "eyJhbGciOiJIUzI1NiIsInR5cCI6IkpXVCJ9.eyJ0b2tlbl90eXBlIjoicmVmcmVzaCIsImV4cCI6MTcwMDQ5ODk3NSwiaWF0IjoxNjkyNzIyOTc1LCJqdGkiOiIzYzY5N2ZkZDRhNTc0YzVmOTA2M2IwNjljNWEyN2IxZSIsInVzZXJfaWQiOjEsInVzZXIiOnsiZW1haWwiOiJhZG1pbkB0ZXN0LmNvbSIsInVzZXJuYW1lIjoiYWRtaW4iLCJmaXJzdF9uYW1lIjoiSmFuZXQiLCJsYXN0X25hbWUiOiJEb2UiLCJpc192ZXJpZmllZCI6ZmFsc2V9fQ.vxNGpkSrDlYNssaLJtD3gzvUze0FgjBh80cNBMVeMGc", "created_at": null, "expires_at": "2023-11-20T16:49:35Z"}}, {"model": "token_blacklist.outstandingtoken", "pk": 23, "fields": {"user": null, "jti": "c37a38b6e78647fd819bed8305207cd6", "token": "eyJhbGciOiJIUzI1NiIsInR5cCI6IkpXVCJ9.eyJ0b2tlbl90eXBlIjoicmVmcmVzaCIsImV4cCI6MTcwMDQ5OTIxNSwiaWF0IjoxNjkyNzIzMjE1LCJqdGkiOiJjMzdhMzhiNmU3ODY0N2ZkODE5YmVkODMwNTIwN2NkNiIsInVzZXJfaWQiOjEsInVzZXIiOnsiZW1haWwiOiJhZG1pbkB0ZXN0LmNvbSIsInVzZXJuYW1lIjoiYWRtaW4iLCJmaXJzdF9uYW1lIjoiSmFuZXQiLCJsYXN0X25hbWUiOiJEb2UiLCJpc192ZXJpZmllZCI6ZmFsc2V9fQ.blzaVoJjB4dcKbxsiobkHXE5NBLj9x-6wovSkACnqBU", "created_at": null, "expires_at": "2023-11-20T16:53:35Z"}}, {"model": "token_blacklist.outstandingtoken", "pk": 24, "fields": {"user": null, "jti": "022e3440f411443389090708afa2e414", "token": "eyJhbGciOiJIUzI1NiIsInR5cCI6IkpXVCJ9.eyJ0b2tlbl90eXBlIjoicmVmcmVzaCIsImV4cCI6MTcwMDQ5OTQ1NSwiaWF0IjoxNjkyNzIzNDU1LCJqdGkiOiIwMjJlMzQ0MGY0MTE0NDMzODkwOTA3MDhhZmEyZTQxNCIsInVzZXJfaWQiOjEsInVzZXIiOnsiZW1haWwiOiJhZG1pbkB0ZXN0LmNvbSIsInVzZXJuYW1lIjoiYWRtaW4iLCJmaXJzdF9uYW1lIjoiSmFuZXQiLCJsYXN0X25hbWUiOiJEb2UiLCJpc192ZXJpZmllZCI6ZmFsc2V9fQ.RdwR2_6lmRZQUhl7kAq63ByiwzmS0cyCpgeTy8VKoks", "created_at": null, "expires_at": "2023-11-20T16:57:35Z"}}, {"model": "token_blacklist.outstandingtoken", "pk": 25, "fields": {"user": 1, "jti": "869265e8069344a08f5706af5e39127a", "token": "eyJhbGciOiJIUzI1NiIsInR5cCI6IkpXVCJ9.eyJ0b2tlbl90eXBlIjoicmVmcmVzaCIsImV4cCI6MTcwMDUwMzEzNCwiaWF0IjoxNjkyNzI3MTM0LCJqdGkiOiI4NjkyNjVlODA2OTM0NGEwOGY1NzA2YWY1ZTM5MTI3YSIsInVzZXJfaWQiOjF9.o2YzgmoplQD6k0fLLz3GDNau77ygG8WzyRbPdjTHNGQ", "created_at": "2023-08-22T17:58:54.948Z", "expires_at": "2023-11-20T17:58:54Z"}}, {"model": "token_blacklist.outstandingtoken", "pk": 26, "fields": {"user": 1, "jti": "72550f7be0e149a99b0d06bc0b798481", "token": "eyJhbGciOiJIUzI1NiIsInR5cCI6IkpXVCJ9.eyJ0b2tlbl90eXBlIjoicmVmcmVzaCIsImV4cCI6MTcwMDY2ODkyOSwiaWF0IjoxNjkyODkyOTI5LCJqdGkiOiI3MjU1MGY3YmUwZTE0OWE5OWIwZDA2YmMwYjc5ODQ4MSIsInVzZXJfaWQiOjF9.D3M7CzSqIm9MqfZxUhFMC7XjLMZWhxq2U3nL5mIyvQI", "created_at": "2023-08-24T16:02:09.341Z", "expires_at": "2023-11-22T16:02:09Z"}}, {"model": "token_blacklist.outstandingtoken", "pk": 27, "fields": {"user": null, "jti": "1acd2d9ef27846aeafa37e91d342d7a6", "token": "eyJhbGciOiJIUzI1NiIsInR5cCI6IkpXVCJ9.eyJ0b2tlbl90eXBlIjoicmVmcmVzaCIsImV4cCI6MTcwMDY2ODkyOSwiaWF0IjoxNjkyODkyOTI5LCJqdGkiOiIxYWNkMmQ5ZWYyNzg0NmFlYWZhMzdlOTFkMzQyZDdhNiIsInVzZXJfaWQiOjEsInVzZXIiOnsiZW1haWwiOiJhZG1pbkB0ZXN0LmNvbSIsInVzZXJuYW1lIjoiYWRtaW4iLCJmaXJzdF9uYW1lIjoiSmFuZXQiLCJsYXN0X25hbWUiOiJEb2UiLCJpc192ZXJpZmllZCI6ZmFsc2V9fQ.3REgqof-4QnGC0t3SgARtmpgRIkcmMcI4o2y9jmj-tU", "created_at": null, "expires_at": "2023-11-22T16:02:09Z"}}, {"model": "token_blacklist.outstandingtoken", "pk": 28, "fields": {"user": null, "jti": "23ed12432fc342438c4241d90fc4a34a", "token": "eyJhbGciOiJIUzI1NiIsInR5cCI6IkpXVCJ9.eyJ0b2tlbl90eXBlIjoicmVmcmVzaCIsImV4cCI6MTcwMDY2OTA3MiwiaWF0IjoxNjkyODkzMDcyLCJqdGkiOiIyM2VkMTI0MzJmYzM0MjQzOGM0MjQxZDkwZmM0YTM0YSIsInVzZXJfaWQiOjEsInVzZXIiOnsiZW1haWwiOiJhZG1pbkB0ZXN0LmNvbSIsInVzZXJuYW1lIjoiYWRtaW4iLCJmaXJzdF9uYW1lIjoiSmFuZXQiLCJsYXN0X25hbWUiOiJEb2UiLCJpc192ZXJpZmllZCI6ZmFsc2V9fQ.MejOIzRQx60lEhrsQ10uFAI2fYGLQ3rO8DbiS2V-GmY", "created_at": null, "expires_at": "2023-11-22T16:04:32Z"}}, {"model": "token_blacklist.outstandingtoken", "pk": 29, "fields": {"user": null, "jti": "cc40460aae474910a454006e5c651508", "token": "eyJhbGciOiJIUzI1NiIsInR5cCI6IkpXVCJ9.eyJ0b2tlbl90eXBlIjoicmVmcmVzaCIsImV4cCI6MTcwMDY2OTA3OSwiaWF0IjoxNjkyODkzMDc5LCJqdGkiOiJjYzQwNDYwYWFlNDc0OTEwYTQ1NDAwNmU1YzY1MTUwOCIsInVzZXJfaWQiOjEsInVzZXIiOnsiZW1haWwiOiJhZG1pbkB0ZXN0LmNvbSIsInVzZXJuYW1lIjoiYWRtaW4iLCJmaXJzdF9uYW1lIjoiSmFuZXQiLCJsYXN0X25hbWUiOiJEb2UiLCJpc192ZXJpZmllZCI6ZmFsc2V9fQ.H_jqbZ-d5C6F1ZEyVPrEQPlysKaOqaxZkBYj6yq2E2w", "created_at": null, "expires_at": "2023-11-22T16:04:39Z"}}, {"model": "token_blacklist.outstandingtoken", "pk": 30, "fields": {"user": null, "jti": "2a2ab2f1268a4831a1a58406d23bbc9c", "token": "eyJhbGciOiJIUzI1NiIsInR5cCI6IkpXVCJ9.eyJ0b2tlbl90eXBlIjoicmVmcmVzaCIsImV4cCI6MTcwMDY2OTA4MiwiaWF0IjoxNjkyODkzMDgyLCJqdGkiOiIyYTJhYjJmMTI2OGE0ODMxYTFhNTg0MDZkMjNiYmM5YyIsInVzZXJfaWQiOjEsInVzZXIiOnsiZW1haWwiOiJhZG1pbkB0ZXN0LmNvbSIsInVzZXJuYW1lIjoiYWRtaW4iLCJmaXJzdF9uYW1lIjoiSmFuZXQiLCJsYXN0X25hbWUiOiJEb2UiLCJpc192ZXJpZmllZCI6ZmFsc2V9fQ.zck6v6H9g_sZlwfA8szOHS0HWp5Lw67wVyYCxXS2Zho", "created_at": null, "expires_at": "2023-11-22T16:04:42Z"}}, {"model": "token_blacklist.outstandingtoken", "pk": 31, "fields": {"user": null, "jti": "4dc73953c54d4ac78cba637b2a35a886", "token": "eyJhbGciOiJIUzI1NiIsInR5cCI6IkpXVCJ9.eyJ0b2tlbl90eXBlIjoicmVmcmVzaCIsImV4cCI6MTcwMDY2OTEwMywiaWF0IjoxNjkyODkzMTAzLCJqdGkiOiI0ZGM3Mzk1M2M1NGQ0YWM3OGNiYTYzN2IyYTM1YTg4NiIsInVzZXJfaWQiOjEsInVzZXIiOnsiZW1haWwiOiJhZG1pbkB0ZXN0LmNvbSIsInVzZXJuYW1lIjoiYWRtaW4iLCJmaXJzdF9uYW1lIjoiSmFuZXQiLCJsYXN0X25hbWUiOiJEb2UiLCJpc192ZXJpZmllZCI6ZmFsc2V9fQ.F-mx4uSg9WzxSOvKKzSMtrzUR7y-u_S4GE3naPg_9Io", "created_at": null, "expires_at": "2023-11-22T16:05:03Z"}}, {"model": "token_blacklist.outstandingtoken", "pk": 32, "fields": {"user": null, "jti": "4993b6865cc4472092f825d1e837fa3f", "token": "eyJhbGciOiJIUzI1NiIsInR5cCI6IkpXVCJ9.eyJ0b2tlbl90eXBlIjoicmVmcmVzaCIsImV4cCI6MTcwMDY2OTEwNywiaWF0IjoxNjkyODkzMTA3LCJqdGkiOiI0OTkzYjY4NjVjYzQ0NzIwOTJmODI1ZDFlODM3ZmEzZiIsInVzZXJfaWQiOjEsInVzZXIiOnsiZW1haWwiOiJhZG1pbkB0ZXN0LmNvbSIsInVzZXJuYW1lIjoiYWRtaW4iLCJmaXJzdF9uYW1lIjoiSmFuZXQiLCJsYXN0X25hbWUiOiJEb2UiLCJpc192ZXJpZmllZCI6ZmFsc2V9fQ.YwE1nRVqpjetF5rkpRMU3_Pcmz38YnfWBYcU7A9cnYQ", "created_at": null, "expires_at": "2023-11-22T16:05:07Z"}}, {"model": "token_blacklist.outstandingtoken", "pk": 33, "fields": {"user": null, "jti": "9bcc7b09a4954d6b8594f2882af88ac2", "token": "eyJhbGciOiJIUzI1NiIsInR5cCI6IkpXVCJ9.eyJ0b2tlbl90eXBlIjoicmVmcmVzaCIsImV4cCI6MTcwMDY2OTExMSwiaWF0IjoxNjkyODkzMTExLCJqdGkiOiI5YmNjN2IwOWE0OTU0ZDZiODU5NGYyODgyYWY4OGFjMiIsInVzZXJfaWQiOjEsInVzZXIiOnsiZW1haWwiOiJhZG1pbkB0ZXN0LmNvbSIsInVzZXJuYW1lIjoiYWRtaW4iLCJmaXJzdF9uYW1lIjoiSmFuZXQiLCJsYXN0X25hbWUiOiJEb2UiLCJpc192ZXJpZmllZCI6ZmFsc2V9fQ.swS_eBI9APHzS-UMvSz4ublqSkuR7TWMqk5G3KgPBmM", "created_at": null, "expires_at": "2023-11-22T16:05:11Z"}}, {"model": "token_blacklist.outstandingtoken", "pk": 34, "fields": {"user": null, "jti": "8332cfa7326e48329a0b49ec44e70941", "token": "eyJhbGciOiJIUzI1NiIsInR5cCI6IkpXVCJ9.eyJ0b2tlbl90eXBlIjoicmVmcmVzaCIsImV4cCI6MTcwMDY2OTM1MywiaWF0IjoxNjkyODkzMzUzLCJqdGkiOiI4MzMyY2ZhNzMyNmU0ODMyOWEwYjQ5ZWM0NGU3MDk0MSIsInVzZXJfaWQiOjEsInVzZXIiOnsiZW1haWwiOiJhZG1pbkB0ZXN0LmNvbSIsInVzZXJuYW1lIjoiYWRtaW4iLCJmaXJzdF9uYW1lIjoiSmFuZXQiLCJsYXN0X25hbWUiOiJEb2UiLCJpc192ZXJpZmllZCI6ZmFsc2V9fQ.NxnwY8LTCgE8cTj6elD9y1WXz0Ycdni2Q78jjxACkpo", "created_at": null, "expires_at": "2023-11-22T16:09:13Z"}}, {"model": "token_blacklist.outstandingtoken", "pk": 35, "fields": {"user": null, "jti": "c67468c5e2904d78a0afaf6abf0e02f3", "token": "eyJhbGciOiJIUzI1NiIsInR5cCI6IkpXVCJ9.eyJ0b2tlbl90eXBlIjoicmVmcmVzaCIsImV4cCI6MTcwMDY2OTU5NCwiaWF0IjoxNjkyODkzNTk0LCJqdGkiOiJjNjc0NjhjNWUyOTA0ZDc4YTBhZmFmNmFiZjBlMDJmMyIsInVzZXJfaWQiOjEsInVzZXIiOnsiZW1haWwiOiJhZG1pbkB0ZXN0LmNvbSIsInVzZXJuYW1lIjoiYWRtaW4iLCJmaXJzdF9uYW1lIjoiSmFuZXQiLCJsYXN0X25hbWUiOiJEb2UiLCJpc192ZXJpZmllZCI6ZmFsc2V9fQ.GeLXVTlQDjGouSUyFSA4Lhv6K8gMUm-Xk2Uqpngh4oQ", "created_at": null, "expires_at": "2023-11-22T16:13:14Z"}}, {"model": "token_blacklist.outstandingtoken", "pk": 36, "fields": {"user": null, "jti": "1743bb4a37ce46b7baaf459c0e8b1049", "token": "eyJhbGciOiJIUzI1NiIsInR5cCI6IkpXVCJ9.eyJ0b2tlbl90eXBlIjoicmVmcmVzaCIsImV4cCI6MTcwMDY2OTgzNSwiaWF0IjoxNjkyODkzODM1LCJqdGkiOiIxNzQzYmI0YTM3Y2U0NmI3YmFhZjQ1OWMwZThiMTA0OSIsInVzZXJfaWQiOjEsInVzZXIiOnsiZW1haWwiOiJhZG1pbkB0ZXN0LmNvbSIsInVzZXJuYW1lIjoiYWRtaW4iLCJmaXJzdF9uYW1lIjoiSmFuZXQiLCJsYXN0X25hbWUiOiJEb2UiLCJpc192ZXJpZmllZCI6ZmFsc2V9fQ.gVxBw3c3JjAaymt7gCuf2EYHAJeNgz4NrnyzwO6qd_0", "created_at": null, "expires_at": "2023-11-22T16:17:15Z"}}, {"model": "token_blacklist.outstandingtoken", "pk": 37, "fields": {"user": null, "jti": "89f0236649d2438a8b963494ead37495", "token": "eyJhbGciOiJIUzI1NiIsInR5cCI6IkpXVCJ9.eyJ0b2tlbl90eXBlIjoicmVmcmVzaCIsImV4cCI6MTcwMDY3MDA1NiwiaWF0IjoxNjkyODk0MDU2LCJqdGkiOiI4OWYwMjM2NjQ5ZDI0MzhhOGI5NjM0OTRlYWQzNzQ5NSIsInVzZXJfaWQiOjEsInVzZXIiOnsiZW1haWwiOiJhZG1pbkB0ZXN0LmNvbSIsInVzZXJuYW1lIjoiYWRtaW4iLCJmaXJzdF9uYW1lIjoiSmFuZXQiLCJsYXN0X25hbWUiOiJEb2UiLCJpc192ZXJpZmllZCI6ZmFsc2V9fQ.QVcKjlb_jbSWgm38GfrLmzZivKbIemLLkuuAvNDJhfw", "created_at": null, "expires_at": "2023-11-22T16:20:56Z"}}, {"model": "token_blacklist.outstandingtoken", "pk": 38, "fields": {"user": 1, "jti": "a4b518dafa0a4795a9d5111872e600c8", "token": "eyJhbGciOiJIUzI1NiIsInR5cCI6IkpXVCJ9.eyJ0b2tlbl90eXBlIjoicmVmcmVzaCIsImV4cCI6MTcwMDY3Mzk2MCwiaWF0IjoxNjkyODk3OTYwLCJqdGkiOiJhNGI1MThkYWZhMGE0Nzk1YTlkNTExMTg3MmU2MDBjOCIsInVzZXJfaWQiOjF9.yJC-jRPe4U6R_QMXmEosL2IFslvi1Fqqu0uiEqePNvg", "created_at": "2023-08-24T17:26:00.701Z", "expires_at": "2023-11-22T17:26:00Z"}}, {"model": "token_blacklist.outstandingtoken", "pk": 39, "fields": {"user": null, "jti": "47564ebb826c436b92127490284d2339", "token": "eyJhbGciOiJIUzI1NiIsInR5cCI6IkpXVCJ9.eyJ0b2tlbl90eXBlIjoicmVmcmVzaCIsImV4cCI6MTcwMDUwMzEzNSwiaWF0IjoxNjkyNzI3MTM1LCJqdGkiOiI0NzU2NGViYjgyNmM0MzZiOTIxMjc0OTAyODRkMjMzOSIsInVzZXJfaWQiOjEsInVzZXIiOnsiZW1haWwiOiJhZG1pbkB0ZXN0LmNvbSIsInVzZXJuYW1lIjoiYWRtaW4iLCJmaXJzdF9uYW1lIjoiSmFuZXQiLCJsYXN0X25hbWUiOiJEb2UiLCJpc192ZXJpZmllZCI6ZmFsc2V9fQ.T2hE8A3ZshKR_Wqhqkh6248-qHr-SfFQOmZQgJrggiA", "created_at": null, "expires_at": "2023-11-20T17:58:55Z"}}, {"model": "token_blacklist.outstandingtoken", "pk": 40, "fields": {"user": null, "jti": "b66822910de2460ca88b04fcf2081acb", "token": "eyJhbGciOiJIUzI1NiIsInR5cCI6IkpXVCJ9.eyJ0b2tlbl90eXBlIjoicmVmcmVzaCIsImV4cCI6MTcwMDc3NzQ2NywiaWF0IjoxNjkzMDAxNDY3LCJqdGkiOiJiNjY4MjI5MTBkZTI0NjBjYTg4YjA0ZmNmMjA4MWFjYiIsInVzZXJfaWQiOjEsInVzZXIiOnsiZW1haWwiOiJhZG1pbkB0ZXN0LmNvbSIsInVzZXJuYW1lIjoiYWRtaW4iLCJmaXJzdF9uYW1lIjoiSmFuZXQiLCJsYXN0X25hbWUiOiJEb2UiLCJpc192ZXJpZmllZCI6ZmFsc2V9fQ.DXhwdd5LzlVqwyFVUCB_w17kjuMS_5yLN-TTNXATqOA", "created_at": null, "expires_at": "2023-11-23T22:11:07Z"}}, {"model": "token_blacklist.outstandingtoken", "pk": 41, "fields": {"user": null, "jti": "e144b3926b864e53b609261c966c53eb", "token": "eyJhbGciOiJIUzI1NiIsInR5cCI6IkpXVCJ9.eyJ0b2tlbl90eXBlIjoicmVmcmVzaCIsImV4cCI6MTcwMDc3NzU4MywiaWF0IjoxNjkzMDAxNTgzLCJqdGkiOiJlMTQ0YjM5MjZiODY0ZTUzYjYwOTI2MWM5NjZjNTNlYiIsInVzZXJfaWQiOjEsInVzZXIiOnsiZW1haWwiOiJhZG1pbkB0ZXN0LmNvbSIsInVzZXJuYW1lIjoiYWRtaW4iLCJmaXJzdF9uYW1lIjoiSmFuZXQiLCJsYXN0X25hbWUiOiJEb2UiLCJpc192ZXJpZmllZCI6ZmFsc2V9fQ._Vz_KnZI7PUXHkMZP8fHaaGJ29p5yPdIjXunRzsRAIY", "created_at": null, "expires_at": "2023-11-23T22:13:03Z"}}, {"model": "token_blacklist.outstandingtoken", "pk": 42, "fields": {"user": null, "jti": "93eb238c650b4971814826ba65e77dee", "token": "eyJhbGciOiJIUzI1NiIsInR5cCI6IkpXVCJ9.eyJ0b2tlbl90eXBlIjoicmVmcmVzaCIsImV4cCI6MTcwMDc3NzgyNCwiaWF0IjoxNjkzMDAxODI0LCJqdGkiOiI5M2ViMjM4YzY1MGI0OTcxODE0ODI2YmE2NWU3N2RlZSIsInVzZXJfaWQiOjEsInVzZXIiOnsiZW1haWwiOiJhZG1pbkB0ZXN0LmNvbSIsInVzZXJuYW1lIjoiYWRtaW4iLCJmaXJzdF9uYW1lIjoiSmFuZXQiLCJsYXN0X25hbWUiOiJEb2UiLCJpc192ZXJpZmllZCI6ZmFsc2V9fQ.U4nXjEdmmrC9FH7GQXiNRiufEm_LHvaulaVKEYb_0zw", "created_at": null, "expires_at": "2023-11-23T22:17:04Z"}}, {"model": "token_blacklist.blacklistedtoken", "pk": 1, "fields": {"token": 3, "blacklisted_at": "2023-08-22T04:29:19.042Z"}}, {"model": "token_blacklist.blacklistedtoken", "pk": 2, "fields": {"token": 4, "blacklisted_at": "2023-08-22T04:32:01.269Z"}}, {"model": "token_blacklist.blacklistedtoken", "pk": 3, "fields": {"token": 5, "blacklisted_at": "2023-08-22T04:36:01.574Z"}}, {"model": "token_blacklist.blacklistedtoken", "pk": 4, "fields": {"token": 6, "blacklisted_at": "2023-08-22T04:40:02.166Z"}}, {"model": "token_blacklist.blacklistedtoken", "pk": 5, "fields": {"token": 7, "blacklisted_at": "2023-08-22T04:44:03.190Z"}}, {"model": "token_blacklist.blacklistedtoken", "pk": 6, "fields": {"token": 8, "blacklisted_at": "2023-08-22T04:48:03.296Z"}}, {"model": "token_blacklist.blacklistedtoken", "pk": 7, "fields": {"token": 9, "blacklisted_at": "2023-08-22T04:52:03.408Z"}}, {"model": "token_blacklist.blacklistedtoken", "pk": 8, "fields": {"token": 10, "blacklisted_at": "2023-08-22T06:00:47.017Z"}}, {"model": "token_blacklist.blacklistedtoken", "pk": 9, "fields": {"token": 11, "blacklisted_at": "2023-08-22T06:04:48.014Z"}}, {"model": "token_blacklist.blacklistedtoken", "pk": 10, "fields": {"token": 12, "blacklisted_at": "2023-08-22T16:18:06.884Z"}}, {"model": "token_blacklist.blacklistedtoken", "pk": 11, "fields": {"token": 13, "blacklisted_at": "2023-08-22T16:20:47.384Z"}}, {"model": "token_blacklist.blacklistedtoken", "pk": 12, "fields": {"token": 14, "blacklisted_at": "2023-08-22T16:20:52.272Z"}}, {"model": "token_blacklist.blacklistedtoken", "pk": 13, "fields": {"token": 15, "blacklisted_at": "2023-08-22T16:21:02.720Z"}}, {"model": "token_blacklist.blacklistedtoken", "pk": 14, "fields": {"token": 16, "blacklisted_at": "2023-08-22T16:21:09.759Z"}}, {"model": "token_blacklist.blacklistedtoken", "pk": 15, "fields": {"token": 17, "blacklisted_at": "2023-08-22T16:21:43.568Z"}}, {"model": "token_blacklist.blacklistedtoken", "pk": 16, "fields": {"token": 18, "blacklisted_at": "2023-08-22T16:37:34.301Z"}}, {"model": "token_blacklist.blacklistedtoken", "pk": 17, "fields": {"token": 19, "blacklisted_at": "2023-08-22T16:41:34.536Z"}}, {"model": "token_blacklist.blacklistedtoken", "pk": 18, "fields": {"token": 20, "blacklisted_at": "2023-08-22T16:45:34.586Z"}}, {"model": "token_blacklist.blacklistedtoken", "pk": 19, "fields": {"token": 21, "blacklisted_at": "2023-08-22T16:49:35.351Z"}}, {"model": "token_blacklist.blacklistedtoken", "pk": 20, "fields": {"token": 22, "blacklisted_at": "2023-08-22T16:53:35.397Z"}}, {"model": "token_blacklist.blacklistedtoken", "pk": 21, "fields": {"token": 23, "blacklisted_at": "2023-08-22T16:57:35.452Z"}}, {"model": "token_blacklist.blacklistedtoken", "pk": 22, "fields": {"token": 24, "blacklisted_at": "2023-08-22T17:01:35.484Z"}}, {"model": "token_blacklist.blacklistedtoken", "pk": 23, "fields": {"token": 25, "blacklisted_at": "2023-08-22T17:58:55.106Z"}}, {"model": "token_blacklist.blacklistedtoken", "pk": 24, "fields": {"token": 26, "blacklisted_at": "2023-08-24T16:02:09.528Z"}}, {"model": "token_blacklist.blacklistedtoken", "pk": 25, "fields": {"token": 27, "blacklisted_at": "2023-08-24T16:04:32.509Z"}}, {"model": "token_blacklist.blacklistedtoken", "pk": 26, "fields": {"token": 28, "blacklisted_at": "2023-08-24T16:04:39.556Z"}}, {"model": "token_blacklist.blacklistedtoken", "pk": 27, "fields": {"token": 29, "blacklisted_at": "2023-08-24T16:04:42.549Z"}}, {"model": "token_blacklist.blacklistedtoken", "pk": 28, "fields": {"token": 30, "blacklisted_at": "2023-08-24T16:05:03.258Z"}}, {"model": "token_blacklist.blacklistedtoken", "pk": 29, "fields": {"token": 31, "blacklisted_at": "2023-08-24T16:05:08.084Z"}}, {"model": "token_blacklist.blacklistedtoken", "pk": 30, "fields": {"token": 32, "blacklisted_at": "2023-08-24T16:05:11.937Z"}}, {"model": "token_blacklist.blacklistedtoken", "pk": 31, "fields": {"token": 33, "blacklisted_at": "2023-08-24T16:09:13.180Z"}}, {"model": "token_blacklist.blacklistedtoken", "pk": 32, "fields": {"token": 34, "blacklisted_at": "2023-08-24T16:13:14.205Z"}}, {"model": "token_blacklist.blacklistedtoken", "pk": 33, "fields": {"token": 35, "blacklisted_at": "2023-08-24T16:17:15.199Z"}}, {"model": "token_blacklist.blacklistedtoken", "pk": 34, "fields": {"token": 36, "blacklisted_at": "2023-08-24T16:20:56.329Z"}}, {"model": "token_blacklist.blacklistedtoken", "pk": 35, "fields": {"token": 37, "blacklisted_at": "2023-08-24T16:21:49.860Z"}}, {"model": "token_blacklist.blacklistedtoken", "pk": 36, "fields": {"token": 38, "blacklisted_at": "2023-08-24T17:26:00.841Z"}}, {"model": "token_blacklist.blacklistedtoken", "pk": 37, "fields": {"token": 39, "blacklisted_at": "2023-08-25T22:11:07.728Z"}}, {"model": "token_blacklist.blacklistedtoken", "pk": 38, "fields": {"token": 40, "blacklisted_at": "2023-08-25T22:13:03.221Z"}}, {"model": "token_blacklist.blacklistedtoken", "pk": 39, "fields": {"token": 41, "blacklisted_at": "2023-08-25T22:17:04.581Z"}}, {"model": "token_blacklist.blacklistedtoken", "pk": 40, "fields": {"token": 42, "blacklisted_at": "2023-08-25T22:21:05.537Z"}}]